post_id,created_at,raw_text,translated_text,source_type,source_file,reliability_label,annotator_name,annotation_time,notes
gdelt_0,20260511T050000Z,"[GDELT] In new signature drive , Filipino Church breaks bonds of political dynasties (Source: https://cruxnow.com/church-in-asia/2026/05/in-new-signature-drive-filipino-church-breaks-bonds-of-political-dynasties)","[GDELT] In new signature drive , Filipino Church breaks bonds of political dynasties (Source: https://cruxnow.com/church-in-asia/2026/05/in-new-signature-drive-filipino-church-breaks-bonds-of-political-dynasties)",gdelt,,0.0,auto_bootstrap,2026-05-11T18:52:18,auto: gdelt non-traffic context
gdelt_1,20260510T101500Z,[GDELT] VinFast VF6 proves EVs go further delivers real - world performance beyond city driving (Source: https://gadgetsmagazine.com.ph/mobility/cars/vinfast-vf6-evs-go-further),[GDELT] VinFast VF6 proves EVs go further delivers real - world performance beyond city driving (Source: https://gadgetsmagazine.com.ph/mobility/cars/vinfast-vf6-evs-go-further),gdelt,,0.0,Joshua Pagallaman,2026-05-11T19:18:40,Advertisement Post
gdelt_2,20260510T073000Z,[GDELT] [ Time Trowel ] What happens when we remove history ? (Source: https://www.rappler.com/voices/thought-leaders/time-trowel-effects-removing-history-general-education/),[GDELT] [ Time Trowel ] What happens when we remove history ? (Source: https://www.rappler.com/voices/thought-leaders/time-trowel-effects-removing-history-general-education/),gdelt,,0.0,auto_bootstrap,2026-05-11T18:52:18,auto: gdelt non-traffic context
gdelt_3,20260509T213000Z,"[GDELT] Successful ASEAN Summit , a wow moment (Source: https://tribune.net.ph/2026/05/09/successful-asean-summit-a-wow-moment)","[GDELT] Successful ASEAN Summit , a wow moment (Source: https://tribune.net.ph/2026/05/09/successful-asean-summit-a-wow-moment)",gdelt,,0.0,auto_bootstrap,2026-05-11T18:52:18,auto: gdelt non-traffic context
gdelt_4,20260509T063000Z,[GDELT] Quezon City roads closed Sunday for running event (Source: https://www.manilatimes.net/2026/05/09/news/national/quezon-city-roads-closed-sunday-for-running-event/2339899),[GDELT] Quezon City roads closed Sunday for running event (Source: https://www.manilatimes.net/2026/05/09/news/national/quezon-city-roads-closed-sunday-for-running-event/2339899),gdelt,,1.0,auto_bootstrap,2026-05-11T18:52:18,auto: gdelt traffic/event + PH location
gdelt_5,20260508T203000Z,[GDELT] Fireworks memorial returns to honour Tyendinaga fishermen and keep questions alive (Source: https://theturtleislandnews.com/index.php/2026/05/08/fireworks-memorial-returns-to-honour-tyendinaga-fishermen-and-keep-questions-alive/),[GDELT] Fireworks memorial returns to honour Tyendinaga fishermen and keep questions alive (Source: https://theturtleislandnews.com/index.php/2026/05/08/fireworks-memorial-returns-to-honour-tyendinaga-fishermen-and-keep-questions-alive/),gdelt,,0.0,Joshua Pagallaman,2026-05-11T19:19:10,Not related to PH
gdelt_6,20260508T194500Z,[GDELT] Signature Series starts Susana Heights transformation (Source: http://www.shangbao.com.ph/jjxw/2026/05-08/197998.shtml),[GDELT] Signature Series starts Susana Heights transformation (Source: http://www.shangbao.com.ph/jjxw/2026/05-08/197998.shtml),gdelt,,0.0,Joshua Pagallaman,2026-05-11T19:19:35,
gdelt_7,20260508T183000Z,[GDELT] Fireworks memorial returns to honour Tyendinaga fishermen and keep questions alive (Source: https://www.wellandtribune.ca/news/canada/fireworks-memorial-returns-to-honour-tyendinaga-fishermen-and-keep-questions-alive/article_91ff743b-786f-5ec3-a8eb-1b3f28eae64a.html),[GDELT] Fireworks memorial returns to honour Tyendinaga fishermen and keep questions alive (Source: https://www.wellandtribune.ca/news/canada/fireworks-memorial-returns-to-honour-tyendinaga-fishermen-and-keep-questions-alive/article_91ff743b-786f-5ec3-a8eb-1b3f28eae64a.html),gdelt,,0.0,Joshua Pagallaman,2026-05-11T19:19:57,Not related
gdelt_8,20260508T164500Z,[GDELT] Signature drive on for genuine anti - dynasty law (Source: https://www.philstar.com/headlines/2026/05/09/2526716/signature-drive-genuine-anti-dynasty-law),[GDELT] Signature drive on for genuine anti - dynasty law (Source: https://www.philstar.com/headlines/2026/05/09/2526716/signature-drive-genuine-anti-dynasty-law),gdelt,,0.0,auto_bootstrap,2026-05-11T18:52:18,auto: gdelt non-traffic context
gdelt_9,20260508T154500Z,[GDELT] Garden City Skyway twinning project ramping up (Source: https://www.stcatharinesstandard.ca/news/niagara-region/garden-city-skyway-twinning-construction-details/article_d0ba19df-c6ca-59b1-a126-f9132b6f3135.html),[GDELT] Garden City Skyway twinning project ramping up (Source: https://www.stcatharinesstandard.ca/news/niagara-region/garden-city-skyway-twinning-construction-details/article_d0ba19df-c6ca-59b1-a126-f9132b6f3135.html),gdelt,,0.0,Joshua Pagallaman,2026-05-11T19:20:22,Not in PH
gdelt_10,20260508T124500Z,[GDELT] Garden City Skyway twinning project ramping up (Source: https://www.niagarafallsreview.ca/news/niagara-region/garden-city-skyway-twinning-construction-details/article_1ee46b85-c2b6-59c7-b927-15a31dec70dc.html),[GDELT] Garden City Skyway twinning project ramping up (Source: https://www.niagarafallsreview.ca/news/niagara-region/garden-city-skyway-twinning-construction-details/article_1ee46b85-c2b6-59c7-b927-15a31dec70dc.html),gdelt,,0.0,Joshua Pagallaman,2026-05-11T19:20:45,Not in PH
gdelt_11,20260508T113000Z,[GDELT] How Corruption Exacerbates the Climate Crisis in the Philippines (Source: https://thediplomat.com/2026/05/how-corruption-exacerbates-the-climate-crisis-in-the-philippines/),[GDELT] How Corruption Exacerbates the Climate Crisis in the Philippines (Source: https://thediplomat.com/2026/05/how-corruption-exacerbates-the-climate-crisis-in-the-philippines/),gdelt,,0.0,Joshua Pagallaman,2026-05-11T19:20:57,Not trafic related
2053758841855316472,2026-05-11T08:47:19.000Z,@sangeeta2599 Mmda bus stop i m waiting,,social_media,x_recent_posts_translated_20260511_1657.csv,0.0,Joshua Pagallaman,2026-05-11T19:21:15,Not traffic related
2053743334481621180,2026-05-11T07:45:42.000Z,"MMDA ADVISORY: Rallyist are sighted at IBP Road front of House of Representatives South Gate, more or less 400 pax, as of 2:10 PM. Personnel of PNP and MMDA are on site managing traffic. #mmda",,social_media,x_recent_posts_translated_20260511_1657.csv,1.0,auto_bootstrap,2026-05-11T18:52:18,auto: mmda/event signal
2053715831360761982,2026-05-11T05:56:25.000Z,MMDA ALERT: Road crash incident at Commonwealth Ever EB involving 2 motorcycles as of 1:50 PM. One lane occupied. MMDA enforcers are on site managing traffic. #mmda,,social_media,x_recent_posts_translated_20260511_1657.csv,1.0,auto_bootstrap,2026-05-11T18:52:18,auto: mmda/event signal
2053715719096000556,2026-05-11T05:55:58.000Z,"MMDA ALERT: Multiple collision at Commonwealth Atherton EB involving van, SUV and car as of 1:46 PM. One lane occupied. MMDA enforcers are on site managing traffic. #mmda",,social_media,x_recent_posts_translated_20260511_1657.csv,1.0,auto_bootstrap,2026-05-11T18:52:18,auto: mmda/event signal
2053692746721046957,2026-05-11T04:24:41.000Z,MMDA ALERT: Stalled dump truck due to mechanical trouble at C5 Katipunan Ave. Miriam College NB as of 11:22 AM. One lane occupied. MMDA enforcers are on site managing traffic. #mmda,,social_media,x_recent_posts_translated_20260511_1657.csv,1.0,auto_bootstrap,2026-05-11T18:52:18,auto: mmda/event signal
2053692706229194798,2026-05-11T04:24:31.000Z,MMDA ALERT: Road crash incident at EDSA Shaw Blvd intersection NB involving taxi and SUV as of 12:05 PM. One lane occupied. MMDA enforcers are on site managing traffic. #mmda,,social_media,x_recent_posts_translated_20260511_1657.csv,1.0,auto_bootstrap,2026-05-11T18:52:18,auto: mmda/event signal
2053692669130625226,2026-05-11T04:24:22.000Z,MMDA ALERT: Road crash incident at EDSA Estrella NB involving closed van and SUV as of 12:05 PM. One lane occupied. MMDA enforcers are on site managing traffic. #mmda,,social_media,x_recent_posts_translated_20260511_1657.csv,1.0,auto_bootstrap,2026-05-11T18:52:18,auto: mmda/event signal
2053665372885381331,2026-05-11T02:35:54.000Z,MMDA ALERT: Road crash incident at C5 Eastwood SB involving SUV and taxi as of 10:22 AM. One lane occupied. MMDA enforcers are on site managing traffic. #mmda,,social_media,x_recent_posts_translated_20260511_1657.csv,1.0,auto_bootstrap,2026-05-11T18:52:18,auto: mmda/event signal
2053654118057791837,2026-05-11T01:51:11.000Z,"MMDA ADVISORY: Rallyists are sighted at Batasan Road House of Representative South Gate, more or less 200 pax, as of 9:35 AM. Personnel from PNP and MMDA are on site managing traffic. #mmda",,social_media,x_recent_posts_translated_20260511_1657.csv,1.0,auto_bootstrap,2026-05-11T18:52:18,auto: mmda/event signal
2053653516498198670,2026-05-11T01:48:48.000Z,MMDA ALERT: Road crash incident at C5 Lanuza NB involving van and pick-up as of 9:38 AM. One lane occupied. MMDA enforcers are on site managing traffic. #mmda,,social_media,x_recent_posts_translated_20260511_1657.csv,1.0,auto_bootstrap,2026-05-11T18:52:18,auto: mmda/event signal
2053650772672593968,2026-05-11T01:37:53.000Z,MMDA ALERT: Road crash incident at Mindanao extension FCM EB involving motorcycle and pedestrian as of 9:34 AM. One lane occupied. MMDA enforcers are on site managing traffic. #mmda,,social_media,x_recent_posts_translated_20260511_1657.csv,1.0,auto_bootstrap,2026-05-11T18:52:18,auto: mmda/event signal
2053649876555337751,2026-05-11T01:34:20.000Z,MMDA ALERT: Stalled bus due to mechanical trouble at Quezon Ave. Capitol WB as of 9:20 AM. One lane occupied. MMDA enforcers are on site managing traffic. #mmda,,social_media,x_recent_posts_translated_20260511_1657.csv,1.0,auto_bootstrap,2026-05-11T18:52:18,auto: mmda/event signal
2053649743373537362,2026-05-11T01:33:48.000Z,MMDA ALERT: Road crash incident at EDSA Santolan flyover SB involving pick-up and SUV as of 9:05 AM. One lane occupied. MMDA enforcers are on site managing traffic. #mmda,,social_media,x_recent_posts_translated_20260511_1657.csv,1.0,auto_bootstrap,2026-05-11T18:52:18,auto: mmda/event signal
2053649651631599684,2026-05-11T01:33:26.000Z,MMDA ALERT: Road crash incident at Mabini Bridge SB involving  car and motorcycle as of 8:58 AM. One lane occupied. MMDA enforcers are on site managing traffic. #mmda,,social_media,x_recent_posts_translated_20260511_1657.csv,1.0,auto_bootstrap,2026-05-11T18:52:18,auto: mmda/event signal
2053648767493288408,2026-05-11T01:29:55.000Z,@MMDA Ano pong city and roads ang walang window hour for coding? Ty.,,social_media,x_recent_posts_translated_20260511_1657.csv,0.0,auto_bootstrap,2026-05-11T18:52:18,auto: question/subjective noise
2053643549930148011,2026-05-11T01:09:11.000Z,"🚗 C5 Coding Hours in Metro Manila 🇵🇭

🕖 Morning: 7AM–10AM
🕔 Evening: 5PM–8PM
✅ Window Hours: 10:01AM–4:59PM
📌 No Coding on Weekends &amp; Holidays

Avoid traffic violations and stay updated with MMDA rules. 🚦
🌐 https://t.co/RJE4C3IE8c

#C5 #CodingHours #MMDA #TrafficUpdate https://t.co/ahppZedxzz",,social_media,x_recent_posts_translated_20260511_1657.csv,0.0,Joshua Pagallaman,2026-05-11T19:21:30,Coding hours in C5
2053635356277518681,2026-05-11T00:36:38.000Z,MMDA ALERT: Stalled tanker due to mechanical trouble at Mindanao Sauyo U-turn slot SB as of 8:27 AM. One lane occupied. MMDA enforcers are on site managing traffic. #mmda,,social_media,x_recent_posts_translated_20260511_1657.csv,1.0,auto_bootstrap,2026-05-11T18:52:18,auto: mmda/event signal
2053625368352014638,2026-05-10T23:56:56.000Z,MMDA ALERT: Road crash incident at MIA Coastal intersection EB involving AUV and motorcycle as of 7:52 AM. One lane occupied. MMDA enforcers are on site managing traffic. #mmda,,social_media,x_recent_posts_translated_20260511_1657.csv,1.0,auto_bootstrap,2026-05-11T18:52:18,auto: mmda/event signal
2053624669547417962,2026-05-10T23:54:10.000Z,MMDA ALERT: Road crash incident at C5 Station 12 Libis SB involving pick-up and car as of 7:46 AM. One lane occupied. MMDA enforcers are on site managing traffic. #mmda,,social_media,x_recent_posts_translated_20260511_1657.csv,1.0,auto_bootstrap,2026-05-11T18:52:18,auto: mmda/event signal
2053624624244756697,2026-05-10T23:53:59.000Z,MMDA ALERT: Road crash incident at C5 Eastwood NB involving PUJ and motorcycle as of 7:33 AM. One lane occupied. MMDA enforcers are on site managing traffic. #mmda,,social_media,x_recent_posts_translated_20260511_1657.csv,1.0,auto_bootstrap,2026-05-11T18:52:18,auto: mmda/event signal
2053587472614109569,2026-05-10T21:26:21.000Z,MMDA ALERT: Road crash incident at EDSA Guadalupe bridge NB  involving van and motorcycle as of 5:00 AM. One lane occupied. MMDA enforcers are on site managing traffic. #mmda,,social_media,x_recent_posts_translated_20260511_1657.csv,1.0,auto_bootstrap,2026-05-11T18:52:18,auto: mmda/event signal
2053521434509807954,2026-05-10T17:03:57.000Z,MMDA ALERT: Road crash incident at EDSA NIA NB  involving car and motorcycle as of 12:15 AM. One lane occupied. MMDA enforcers are on site managing traffic. #mmda,,social_media,x_recent_posts_translated_20260511_1657.csv,1.0,auto_bootstrap,2026-05-11T18:52:18,auto: mmda/event signal
2053521274778050703,2026-05-10T17:03:19.000Z,MMDA ALERT: Road crash incident at Camp Aguinaldo Gate 3  involving car as of 11:58 PM. One lane occupied. MMDA enforcers are on site managing traffic. #mmda,,social_media,x_recent_posts_translated_20260511_1657.csv,1.0,auto_bootstrap,2026-05-11T18:52:18,auto: mmda/event signal
2053459875535966497,2026-05-10T12:59:20.000Z,@freakonaomics Magic Mushrooms and Amphetamines and MMDA from Myristicin,,social_media,x_recent_posts_translated_20260511_1657.csv,0.0,Joshua Pagallaman,2026-05-11T19:21:54,Not related
2053437156375535659,2026-05-10T11:29:03.000Z,"@MMDA @MMDAtweets would like to report illegal parking for patrons of Choir garden along the length of Annapolis at, San Juan, MABUHAY LANE https://t.co/lZm9Cp6myX",,social_media,x_recent_posts_translated_20260511_1657.csv,1.0,Joshua Pagallaman,2026-05-11T19:22:19,May Cause Traffic Build up
2053433138043568337,2026-05-10T11:13:05.000Z,MMDA ALERT: Road crash incident at Commonwealth Tandang Sora WB involving two motorcycles as of 6:55 PM. One lane occupied. MMDA enforcers are on site managing traffic. #mmda,,social_media,x_recent_posts_translated_20260511_1657.csv,1.0,auto_bootstrap,2026-05-11T18:52:18,auto: mmda/event signal
2053402764739551259,2026-05-10T09:12:24.000Z,MMDA ALERT: Road crash incident at EDSA Kamuning Flyover SB involving car and van as of 5:06 PM. One lane occupied. MMDA enforcers are on site managing traffic. #mmda,,social_media,x_recent_posts_translated_20260511_1657.csv,1.0,auto_bootstrap,2026-05-11T18:52:18,auto: mmda/event signal
2053400624826667122,2026-05-10T09:03:53.000Z,MMDA ALERT: Road crash incident at EDSA SM North NB involving car and taxi as of 3:26 PM. One lane occupied. MMDA enforcers are on site managing traffic. #mmda,,social_media,x_recent_posts_translated_20260511_1657.csv,1.0,auto_bootstrap,2026-05-11T18:52:18,auto: mmda/event signal
2053377679697879480,2026-05-10T07:32:43.000Z,MMDA ALERT: Road crash incident at C5 Ortigas Flyover NB involving a two motorcycles as of 3:16 PM. One lane occupied. MMDA enforcers are on site managing traffic. #mmda,,social_media,x_recent_posts_translated_20260511_1657.csv,1.0,auto_bootstrap,2026-05-11T18:52:18,auto: mmda/event signal
2053351711029473455,2026-05-10T05:49:31.000Z,"Your bicycle lanes are useless. 2026 May 11 1pm, majority of said lanes are occupied by cars illegally parked around Annapolis, Missouri, Connecticut with “No Parking” signs in plain sight and enforcers doing nothing. What a joke. @franciszamora30 @sanjuancityncr @MMDA",,social_media,x_recent_posts_translated_20260511_1657.csv,0.0,Joshua Pagallaman,2026-05-11T19:22:36,Not in PH
2053314019927396540,2026-05-10T03:19:45.000Z,MMDA ALERT: Road crash incident at Katipunan C.P Garcia SB involving motorcycle and bicycle as of 11:04 AM. One lane occupied. MMDA enforcers are on site managing traffic. #mmda,,social_media,x_recent_posts_translated_20260511_1657.csv,1.0,auto_bootstrap,2026-05-11T18:52:18,auto: mmda/event signal
2053313618956206354,2026-05-10T03:18:10.000Z,MMDA ALERT: Stalled UV express due to flat tire at EDSA Trinoma NB as of 10:48 AM. One lane occupied. MMDA enforcers are on site managing traffic. #mmda,,social_media,x_recent_posts_translated_20260511_1657.csv,1.0,auto_bootstrap,2026-05-11T18:52:18,auto: mmda/event signal
2053304817230188642,2026-05-10T02:43:11.000Z,"MMDA ALERT: Stalled SUV due to flat tire at EDSA SM North, North Ave. NB as of 10:23 AM. One lane occupied. MMDA enforcers are on site managing traffic. #mmda",,social_media,x_recent_posts_translated_20260511_1657.csv,1.0,auto_bootstrap,2026-05-11T18:52:18,auto: mmda/event signal
2053299330338214047,2026-05-10T02:21:23.000Z,@RadioGenoa @govphOfficial @zerowastephl @MMDA @govphOfficial @Official_DILG @PHcities Phils catching up to Indonesia in waste problems,,social_media,x_recent_posts_translated_20260511_1657.csv,0.0,Joshua Pagallaman,2026-05-11T19:22:52,Not Traffic Related
2053288845970755813,2026-05-10T01:39:43.000Z,MMDA ALERT: Road crash incident at Sales Rotonda involving motorcycle and taxi as of 9:28 AM. One lane occupied. MMDA enforcers are on site managing traffic. #mmda,,social_media,x_recent_posts_translated_20260511_1657.csv,1.0,auto_bootstrap,2026-05-11T18:52:18,auto: mmda/event signal
2053285288873746527,2026-05-10T01:25:35.000Z,"🚗 Pasay Coding Hours 2025 🇵🇭

🕖 Coding Hours:
7AM–10AM
5PM–8PM
✅ Window Hours: 10:01AM–4:59PM
📌 No Coding on Weekends
💰 Fine: ₱300–₱500
Stay updated with MMDA traffic rules and avoid violations. 🚦

🌐 https://t.co/Fvy4bk2hO7
#Pasay #CodingHours #MMDA #TrafficUpdate",,social_media,x_recent_posts_translated_20260511_1657.csv,0.0,Joshua Pagallaman,2026-05-11T19:23:07,Coding Hours
2053279458996683093,2026-05-10T01:02:25.000Z,MMDA ALERT: Stalled SUV due to mechanical trouble at Commonwealth Sandigan EB as of 8:46 AM. One lane occupied. MMDA enforcers are on site managing traffic. #mmda,,social_media,x_recent_posts_translated_20260511_1657.csv,1.0,auto_bootstrap,2026-05-11T18:52:18,auto: mmda/event signal
2053253245079032161,2026-05-09T23:18:15.000Z,MMDA ALERT: Road crash incident at C5 before Lanuza Intersection NB involving car and tanker as of 7:02 AM. Two lanes occupied. MMDA enforcers are on site managing traffic. #mmda,,social_media,x_recent_posts_translated_20260511_1657.csv,1.0,auto_bootstrap,2026-05-11T18:52:18,auto: mmda/event signal
2053242018105884801,2026-05-09T22:33:39.000Z,MMDA ALERT: Road crash incident at Commonwealth Meralco U-turn slot EB involving 2 motorcycles as of 6:26 AM. One lane occupied. MMDA enforcers are on site managing traffic. #mmda,,social_media,x_recent_posts_translated_20260511_1657.csv,1.0,auto_bootstrap,2026-05-11T18:52:18,auto: mmda/event signal
2053241661522858287,2026-05-09T22:32:14.000Z,MMDA ALERT: Road crash incident at C5 Lanuza NB involving PUJ and motorcycle as of 6:16 AM. One lane occupied. MMDA enforcers are on site managing traffic. #mmda,,social_media,x_recent_posts_translated_20260511_1657.csv,1.0,auto_bootstrap,2026-05-11T18:52:18,auto: mmda/event signal
2053241595307450537,2026-05-09T22:31:58.000Z,MMDA ALERT: Hit and run incident at C5 J. Vargas NB involving 2 motorcycles as of 6:14 AM. One lane occupied. MMDA enforcers are on site managing traffic. #mmda,,social_media,x_recent_posts_translated_20260511_1657.csv,1.0,auto_bootstrap,2026-05-11T18:52:18,auto: mmda/event signal
2053241564198269205,2026-05-09T22:31:50.000Z,MMDA ALERT: Stalled dump truck due to flat tire at East Ave. BIR WB as of 6:04 AM. One lane occupied. MMDA enforcers are on site managing traffic. #mmda,,social_media,x_recent_posts_translated_20260511_1657.csv,1.0,auto_bootstrap,2026-05-11T18:52:18,auto: mmda/event signal
2053241497102004300,2026-05-09T22:31:34.000Z,"MMDA ALERT: Multiple Collision at Commonwealth Odigal WB involving 2 motorcycles, PUJ and car as of 6:04 AM. One lane occupied. MMDA enforcers are on site managing traffic. #mmda",,social_media,x_recent_posts_translated_20260511_1657.csv,1.0,auto_bootstrap,2026-05-11T18:52:18,auto: mmda/event signal
2053237593844731987,2026-05-09T22:16:04.000Z,"Bandlab can go and suck a lemon. Que es esa mmda that now you only get to make one song every month??

You guys were heroes to me and you have betrayed me. ""Unlimited creativity"" my dead fishes.",,social_media,x_recent_posts_translated_20260511_1657.csv,0.0,auto_bootstrap,2026-05-11T18:52:18,auto: question/subjective noise
2053235081959895530,2026-05-09T22:06:05.000Z,CHUGGING WATER TO SOBER MYSELF UP SO THAT MMDA MAKES FULL EFFECT #youngho,,social_media,x_recent_posts_translated_20260511_1657.csv,0.0,Joshua Pagallaman,2026-05-11T19:23:25,Not Traffic Related
2053157431107334500,2026-05-09T16:57:32.000Z,MMDA ALERT: Stalled truck due to mechanical problem at C5 Katipunan Magsaysay NB as of 12:25 AM. One lane occupied. MMDA enforcers are on site managing traffic. #mmda,,social_media,x_recent_posts_translated_20260511_1657.csv,1.0,auto_bootstrap,2026-05-11T18:52:18,auto: mmda/event signal
2053153785565098035,2026-05-09T16:43:02.000Z,MMDA ALERT: Road crash incident at C5 Katipunan Berkely NB involving Wing van and Tanker as of 12:04 AM. One lane occupied. MMDA enforcers are on site managing traffic. #mmda,,social_media,x_recent_posts_translated_20260511_1657.csv,1.0,auto_bootstrap,2026-05-11T18:52:18,auto: mmda/event signal
2053152120241844488,2026-05-09T16:36:25.000Z,MMDA ALERT: Road crash incident at C5 Lanuza after intersection NB involving dump truck and taxi as of 12:12 AM. One lane occupied. MMDA enforcers are on site managing traffic. #mmda,,social_media,x_recent_posts_translated_20260511_1657.csv,1.0,auto_bootstrap,2026-05-11T18:52:18,auto: mmda/event signal
2053145768916394003,2026-05-09T16:11:11.000Z,"@MMDA Thank you 😊.  This is very much appreciated. Traffic has eased up, and much better than before.
Maybe because cars have lessen due t high gasoliine cost",,social_media,x_recent_posts_translated_20260511_1657.csv,1.0,Joshua Pagallaman,2026-05-11T19:23:42,Traffic Update
2053129047279096233,2026-05-09T15:04:44.000Z,MMDA ALERT: Road crash incident at Mia road U-turn slot SB involving van and puj as of 10:55 PM. One lane occupied. MMDA enforcers are on site managing traffic. #mmda,,social_media,x_recent_posts_translated_20260511_1657.csv,1.0,auto_bootstrap,2026-05-11T18:52:18,auto: mmda/event signal
2053125028712169648,2026-05-09T14:48:46.000Z,MMDA ALERT: Road crash incident at EDSA SM North NB involving SUV and car as of 10:38 PM. One lane occupied. MMDA enforcers are on site managing traffic. #mmda,,social_media,x_recent_posts_translated_20260511_1657.csv,1.0,auto_bootstrap,2026-05-11T18:52:18,auto: mmda/event signal
2053110151746588867,2026-05-09T13:49:39.000Z,MMDA ALERT: Stalled closed van due to mechanical problem at C5 Katipunan Ave. Ayala Heights NB as of 9:45 PM. One lane occupied. MMDA enforcers are on site managing traffic. #mmda,,social_media,x_recent_posts_translated_20260511_1657.csv,1.0,auto_bootstrap,2026-05-11T18:52:18,auto: mmda/event signal
2053097230752682363,2026-05-09T12:58:19.000Z,MMDA ALERT: Road crash incident at FB Harrison P. Ocampo Intersection SB involving a motorcycle as of 8:41 PM. One lane occupied. MMDA enforcers are on site managing traffic. #mmda,,social_media,x_recent_posts_translated_20260511_1657.csv,1.0,auto_bootstrap,2026-05-11T18:52:18,auto: mmda/event signal
2053083478376542295,2026-05-09T12:03:40.000Z,MMDA ALERT: Road crash incident at Marcos Highway Burger King before U-turn Slot EB involving taxi and van as of 7:37 PM. One lane occupied. MMDA enforcers are on site managing traffic. #mmda,,social_media,x_recent_posts_translated_20260511_1657.csv,1.0,auto_bootstrap,2026-05-11T18:52:18,auto: mmda/event signal
2053064678033793263,2026-05-09T10:48:57.000Z,MMDA ALERT: Road crash incident at Marcos Highway Santolan LRT in front of Petron EB involving truck and AUV as of 6:33 PM. One lane occupied. MMDA enforcers are on site managing traffic. #mmda,,social_media,x_recent_posts_translated_20260511_1657.csv,1.0,auto_bootstrap,2026-05-11T18:52:18,auto: mmda/event signal
2053064344892752119,2026-05-09T10:47:38.000Z,MMDA ALERT: Road crash incident at J. Vargas Ave. Sapphire Road WB involving mixer and car as of 6:33 PM. One lane occupied. MMDA enforcers are on site managing traffic. #mmda,,social_media,x_recent_posts_translated_20260511_1657.csv,1.0,auto_bootstrap,2026-05-11T18:52:18,auto: mmda/event signal
2053061342421258742,2026-05-09T10:35:42.000Z,MMDA ALERT: Road crash incident at Quirino Ave. Guazon in front of Petron SB involving wing van and car as of 6:26 PM. One lane occupied. MMDA enforcers are on site managing traffic. #mmda,,social_media,x_recent_posts_translated_20260511_1657.csv,1.0,auto_bootstrap,2026-05-11T18:52:18,auto: mmda/event signal
2053060010981376478,2026-05-09T10:30:25.000Z,MMDA ALERT: Stalled taxi due to empty gas at EDSA Shaw blvd. tunnel SB as of 6:25 PM. One lane occupied. MMDA enforcers are on site managing traffic. #mmda,,social_media,x_recent_posts_translated_20260511_1657.csv,1.0,auto_bootstrap,2026-05-11T18:52:18,auto: mmda/event signal
2053059530771292250,2026-05-09T10:28:30.000Z,MMDA ALERT: Road crash incident at C5 Kalayaan Avenue NB involving  motorcycle as of 6:13 PM. One lane occupied. MMDA enforcers are on site managing traffic. #mmda,,social_media,x_recent_posts_translated_20260511_1657.csv,1.0,auto_bootstrap,2026-05-11T18:52:18,auto: mmda/event signal
2053058471864733847,2026-05-09T10:24:18.000Z,"FIRE ALERT: As of 6:06 PM. Ongoing fire incident at Gatchalian-1, Brgy. San Dionisio, Paranaque City involving a residential area. Now on its 2nd alarm. Firefighters on site. #mmda",,social_media,x_recent_posts_translated_20260511_1657.csv,1.0,Joshua Pagallaman,2026-05-11T19:24:08,Fire Alert causing traffic
2053056052984463501,2026-05-09T10:14:41.000Z,MMDA ALERT: Road crash incident at EDSA Aurora Blvd intersection NB involving 2 motorcycles as of 5:55 PM. One lane occupied. MMDA enforcers are on site managing traffic. #mmda,,social_media,x_recent_posts_translated_20260511_1657.csv,1.0,auto_bootstrap,2026-05-11T18:52:18,auto: mmda/event signal
2053055780216311826,2026-05-09T10:13:36.000Z,MMDA ALERT: Road crash incident at EDSA Connecticut in front of Ford SB involving AUV and SUV as of 5:33 PM. One lane occupied. MMDA enforcers are on site managing traffic. #mmda,,social_media,x_recent_posts_translated_20260511_1657.csv,1.0,auto_bootstrap,2026-05-11T18:52:18,auto: mmda/event signal
2053055348618277289,2026-05-09T10:11:53.000Z,MMDA ALERT: Road crash incident at EDSA Megamall NB involving car and motorcycle as of 5:10 PM. One lane occupied. MMDA enforcers are on site managing traffic. #mmda,,social_media,x_recent_posts_translated_20260511_1657.csv,1.0,auto_bootstrap,2026-05-11T18:52:18,auto: mmda/event signal
2053046956868681953,2026-05-09T09:38:32.000Z,"@TANGEDCO_Offcl no power supply for the past 3 hrs in MMDA colony, Arumbakkam. Kindly rectify the issue at the earliest.",,social_media,x_recent_posts_translated_20260511_1657.csv,0.0,Joshua Pagallaman,2026-05-11T19:24:25,not PH
2053028562538786970,2026-05-09T08:25:27.000Z,MMDA ALERT: Road crash incident at C5 Green Meadows before Intersection NB involving 2 motorcycles as of 4:06 PM. One lane occupied. MMDA enforcers are on site managing traffic. #mmda,,social_media,x_recent_posts_translated_20260511_1657.csv,1.0,auto_bootstrap,2026-05-11T18:52:18,auto: mmda/event signal
2053018786853421430,2026-05-09T07:46:36.000Z,MMDA ALERT: Stalled wing van due to flat tire at C5 Libis Flyover NB as of 3:32 PM. One lane occupied. MMDA enforcers are on site managing traffic. #mmda,,social_media,x_recent_posts_translated_20260511_1657.csv,1.0,auto_bootstrap,2026-05-11T18:52:18,auto: mmda/event signal
2053017116413235620,2026-05-09T07:39:58.000Z,MMDA ALERT: Road crash incident at BMC corner EDSA involving AUV and SUV as of 3:32 PM. One lane occupied. MMDA enforcers are on site managing traffic. #mmda,,social_media,x_recent_posts_translated_20260511_1657.csv,1.0,auto_bootstrap,2026-05-11T18:52:18,auto: mmda/event signal
2053017045621789138,2026-05-09T07:39:41.000Z,MMDA ALERT: Road crash incident at Quezon Ave. Welcome Rotonda EB involving motorcycle and AUV as of 3:28 PM. One lane occupied. MMDA enforcers are on site managing traffic. #mmda,,social_media,x_recent_posts_translated_20260511_1657.csv,1.0,auto_bootstrap,2026-05-11T18:52:18,auto: mmda/event signal
2053011771229896760,2026-05-09T07:18:44.000Z,MMDA ALERT: Stalled bulk carrier due to mechanical problem at C5 Katipunan Ave. C.P Garcia before intersection SB as of 3:07 PM. One lane occupied. MMDA enforcers are on site managing traffic. #mmda,,social_media,x_recent_posts_translated_20260511_1657.csv,1.0,auto_bootstrap,2026-05-11T18:52:18,auto: mmda/event signal
2053011724077547794,2026-05-09T07:18:32.000Z,MMDA ALERT: Road crash incident at Quirino Ave before Guazon Intersection SB involving taxi and SUV as of 3:07 PM. One lane occupied. MMDA enforcers are on site managing traffic. #mmda,,social_media,x_recent_posts_translated_20260511_1657.csv,1.0,auto_bootstrap,2026-05-11T18:52:18,auto: mmda/event signal
2053010112915419467,2026-05-09T07:12:08.000Z,MMDA ALERT: Stalled car due to mechanical problem at Araneta Ave. Quezon Ave NB as of 2:58 PM. One lane occupied. MMDA enforcers are on site managing traffic. #mmda,,social_media,x_recent_posts_translated_20260511_1657.csv,1.0,auto_bootstrap,2026-05-11T18:52:18,auto: mmda/event signal
2053006818050531523,2026-05-09T06:59:03.000Z,MMDA ALERT: Road crash incident at Marcos highway Felix Ave. EB involving motorcycle and car as of 2:26 PM. One lane occupied. MMDA enforcers are on site managing traffic. #mmda,,social_media,x_recent_posts_translated_20260511_1657.csv,1.0,auto_bootstrap,2026-05-11T18:52:18,auto: mmda/event signal
2053006226905247987,2026-05-09T06:56:42.000Z,MMDA ALERT: Road crash incident at EDSA Guadalupe SB involving motorcycle and AUV as of 2:33 PM. One lane occupied. MMDA enforcers are on site managing traffic. #mmda,,social_media,x_recent_posts_translated_20260511_1657.csv,1.0,auto_bootstrap,2026-05-11T18:52:18,auto: mmda/event signal
2053005505766084617,2026-05-09T06:53:50.000Z,MMDA ALERT: Stalled pick-up due to mechanical problem at Quezon Ave Miriam Defensor Santiago Ave tunnel WB as of 2:35 PM. One lane occupied. MMDA enforcers are on site managing traffic. #mmda,,social_media,x_recent_posts_translated_20260511_1657.csv,1.0,auto_bootstrap,2026-05-11T18:52:18,auto: mmda/event signal
2053004342018588775,2026-05-09T06:49:12.000Z,MMDA ALERT: Road crash incident at EDSA San Carlos Seminary SB involving motorcycle and AUV as of 2:04 PM. One lane occupied. MMDA enforcers are on site managing traffic. #mmda,,social_media,x_recent_posts_translated_20260511_1657.csv,1.0,auto_bootstrap,2026-05-11T18:52:18,auto: mmda/event signal
2052990255066960171,2026-05-09T05:53:14.000Z,"MMDA ALERT: Multiple collision at Commonwealth Soliven EB involving PUJ, SUV and L300 as of 1:33 PM. One lane occupied. MMDA enforcers are on site managing traffic. #mmda",,social_media,x_recent_posts_translated_20260511_1657.csv,1.0,auto_bootstrap,2026-05-11T18:52:18,auto: mmda/event signal
2052973310649180571,2026-05-09T04:45:54.000Z,MMDA ALERT: Road crash incident at A. Bonifacio Cloverleaf SB involving motorcycle and ambulance as of 12:33 PM. One lane occupied. MMDA enforcers are on site managing traffic. #mmda,,social_media,x_recent_posts_translated_20260511_1657.csv,1.0,auto_bootstrap,2026-05-11T18:52:18,auto: mmda/event signal
2052972982314967375,2026-05-09T04:44:36.000Z,MMDA ALERT: Road crash incident at C5 Ortigas flyover SB involving wing van and SUV as of 12:07 PM. One lane occupied. MMDA enforcers are on site managing traffic. #mmda,,social_media,x_recent_posts_translated_20260511_1657.csv,1.0,auto_bootstrap,2026-05-11T18:52:18,auto: mmda/event signal
2052961282362585395,2026-05-09T03:58:06.000Z,MMDA ALERT: Road crash incident at Quezon Ave. Agham WB involving taxi and van as of 11:50 AM. One lane occupied. MMDA enforcers are on site managing traffic. #mmda,,social_media,x_recent_posts_translated_20260511_1657.csv,1.0,auto_bootstrap,2026-05-11T18:52:18,auto: mmda/event signal
2052960310252982697,2026-05-09T03:54:14.000Z,MMDA ALERT: Stalled dump truck due to mechanical problem at Katipunan B. Serrano WB as of 11:46 AM. One lane occupied. MMDA enforcers are on site managing traffic. #mmda,,social_media,x_recent_posts_translated_20260511_1657.csv,1.0,auto_bootstrap,2026-05-11T18:52:18,auto: mmda/event signal
2052956750635258351,2026-05-09T03:40:06.000Z,MMDA ALERT: Stalled wing van due to mechanical problem at Katipunan Ateneo NB as of 11:35 AM. One lane occupied. MMDA enforcers are on site managing traffic. #mmda,,social_media,x_recent_posts_translated_20260511_1657.csv,1.0,auto_bootstrap,2026-05-11T18:52:18,auto: mmda/event signal
2052956575766352300,2026-05-09T03:39:24.000Z,MMDA ALERT: Road crash incident at C5 Lanuza NB involving motorcycle and SUV as of 11:07 AM. One lane occupied. MMDA enforcers are on site managing traffic. #mmda,,social_media,x_recent_posts_translated_20260511_1657.csv,1.0,auto_bootstrap,2026-05-11T18:52:18,auto: mmda/event signal
2052956416726683681,2026-05-09T03:38:46.000Z,MMDA ALERT: Stalled dump truck due to mechanical problem at Katipunan Ateneo NB as of 11:06 AM. One lane occupied. MMDA enforcers are on site managing traffic. #mmda,,social_media,x_recent_posts_translated_20260511_1657.csv,1.0,auto_bootstrap,2026-05-11T18:52:18,auto: mmda/event signal
2052955663521980761,2026-05-09T03:35:46.000Z,MMDA ALERT: Road crash incident at EDSA Shaw tunnel SB involving motorcycle and SUV as of 10:55 AM. One lane occupied. MMDA enforcers are on site managing traffic. #mmda,,social_media,x_recent_posts_translated_20260511_1657.csv,1.0,auto_bootstrap,2026-05-11T18:52:18,auto: mmda/event signal
2052950981001056604,2026-05-09T03:17:10.000Z,"@TANGEDCO_Offcl No Power in Mmda , Mathur , Madhavaram from Morning 5am. Pls Rectify the issue as soon as possible",,social_media,x_recent_posts_translated_20260511_1657.csv,0.0,Joshua Pagallaman,2026-05-11T19:24:44,Not PH
2052946930490077296,2026-05-09T03:01:04.000Z,"🇵🇭 A threat actor has allegedly leaked employee PII and payroll-related data associated with the Metropolitan Manila Development Authority (MMDA) on a cybercrime forum.

According to the post, the exposed information reportedly includes sensitive employee-related records and https://t.co/V1mv5mJkjD",,social_media,x_recent_posts_translated_20260511_1657.csv,0.0,Joshua Pagallaman,2026-05-11T19:25:06,Not Traffic related post
2052945659251306642,2026-05-09T02:56:01.000Z,MMDA ALERT: Road crash incident at BMC Hypermarket involving car and PUJ as of 10:53 AM. One lane occupied. MMDA enforcers are on site managing traffic. #mmda,,social_media,x_recent_posts_translated_20260511_1657.csv,1.0,auto_bootstrap,2026-05-11T18:52:18,auto: mmda/event signal
2052939121354833937,2026-05-09T02:30:02.000Z,MMDA ALERT: Road crash incident at Katipunan CP Garcia NB involving car and motorcycle as of 10:13 AM. One lane occupied. MMDA enforcers are on site managing traffic. #mmda,,social_media,x_recent_posts_translated_20260511_1657.csv,1.0,auto_bootstrap,2026-05-11T18:52:18,auto: mmda/event signal
2052938923538850157,2026-05-09T02:29:15.000Z,MMDA ALERT: Road crash incident at Katipunan Nawasa NB involving AUV and wing van as of 10:11 AM. One lane occupied. MMDA enforcers are on site managing traffic. #mmda,,social_media,x_recent_posts_translated_20260511_1657.csv,1.0,auto_bootstrap,2026-05-11T18:52:18,auto: mmda/event signal
2052938700171153865,2026-05-09T02:28:22.000Z,MMDA ALERT: Road crash incident at EDSA Estrella NB involving SUV and closed van as of 10:10 AM. One lane occupied. MMDA enforcers are on site managing traffic. #mmda,,social_media,x_recent_posts_translated_20260511_1657.csv,1.0,auto_bootstrap,2026-05-11T18:52:18,auto: mmda/event signal
2052937472204796092,2026-05-09T02:23:29.000Z,MMDA ALERT: Road crash incident at Quezon Ave. Capitol EB involving AUV and taxi as of 10:10 AM. One lane occupied. MMDA enforcers are on site managing traffic. #mmda,,social_media,x_recent_posts_translated_20260511_1657.csv,1.0,auto_bootstrap,2026-05-11T18:52:18,auto: mmda/event signal
2052935290697003399,2026-05-09T02:14:49.000Z,MMDA ALERT: Road crash incident at EDSA Guadalupe SB involving motorcycle and car as of 10:09 AM. One lane occupied. MMDA enforcers are on site managing traffic. #mmda,,social_media,x_recent_posts_translated_20260511_1657.csv,1.0,auto_bootstrap,2026-05-11T18:52:18,auto: mmda/event signal
2052921324612554828,2026-05-09T01:19:19.000Z,MMDA ALERT: Stalled truck due to mechanical problem at C5 Ortigas NB as of 8:49 AM. One lane occupied. MMDA enforcers are on site managing traffic. #mmda,,social_media,x_recent_posts_translated_20260511_1657.csv,1.0,auto_bootstrap,2026-05-11T18:52:18,auto: mmda/event signal
2052919943016923138,2026-05-09T01:13:50.000Z,"@TVKMLPRABHU  Congrats Prabhu for elected as MLA for Madhavaram .
I am also from Mathur MMDA but Settled in US.

Congrats to you.. best of luck.",,social_media,x_recent_posts_translated_20260511_1657.csv,0.0,Joshua Pagallaman,2026-05-11T19:25:17,Not in PH
2052900507304485058,2026-05-08T23:56:36.000Z,MMDA ALERT: Road crash incident at SLEX before golf course in front of Fairway Terraces involving motorcycle as of 7:47 AM. One lane occupied. MMDA enforcers are on site managing traffic. #mmda,,social_media,x_recent_posts_translated_20260511_1657.csv,1.0,auto_bootstrap,2026-05-11T18:52:18,auto: mmda/event signal
2052896100424765784,2026-05-08T23:39:05.000Z,MMDA ALERT: Road crash incident at EDSA Kamuning WB involving motorcycle and bicycle as of 7:20 AM. One lane occupied. MMDA enforcers are on site managing traffic. #mmda,,social_media,x_recent_posts_translated_20260511_1657.csv,1.0,auto_bootstrap,2026-05-11T18:52:18,auto: mmda/event signal
2052895742696804540,2026-05-08T23:37:40.000Z,MMDA ALERT: Road crash incident at Quezon Ave. Agham SB involving motorcycle as of 7:08 AM. One lane occupied. MMDA enforcers are on site managing traffic. #mmda,,social_media,x_recent_posts_translated_20260511_1657.csv,1.0,auto_bootstrap,2026-05-11T18:52:18,auto: mmda/event signal
2052881571154456842,2026-05-08T22:41:21.000Z,MMDA ALERT: Road crash incident at EDSA Pasay road SB involving two motorcycles  as of 6:36 AM. One lane occupied. MMDA enforcers are on site managing traffic. #mmda,,social_media,x_recent_posts_translated_20260511_1657.csv,1.0,auto_bootstrap,2026-05-11T18:52:18,auto: mmda/event signal
2052881097177088161,2026-05-08T22:39:28.000Z,"MMDA ALERT: Road crash incident at Marcos highway Ligaya, WB involving motorcycle and modern jeep as of 6:18 AM. One lane occupied. MMDA enforcers are on site managing traffic. #mmda",,social_media,x_recent_posts_translated_20260511_1657.csv,1.0,auto_bootstrap,2026-05-11T18:52:18,auto: mmda/event signal
2052881033641730063,2026-05-08T22:39:13.000Z,"MMDA ALERT: Multiple collision at C5 Blueridge, NB involving Armored van, car and PUJ as of 6:16 AM. One lane occupied. MMDA enforcers are on site managing traffic. #mmda",,social_media,x_recent_posts_translated_20260511_1657.csv,1.0,auto_bootstrap,2026-05-11T18:52:18,auto: mmda/event signal
2052060431494345200,2026-05-06T16:18:26.000Z,MMDA ALERT: Stalled dump truck due to mechanical problem at C5 WB Bonny Serrano tunnel as of 11:16 PM. One lane occupied. MMDA enforcers are on site managing traffic. #mmda,,social_media,x_recent_posts_translated_20260506_1618.csv,1.0,auto_bootstrap,2026-05-11T18:52:18,auto: mmda/event signal
2052056992550953330,2026-05-06T16:04:47.000Z,plus i got stopped by an mmda last night because i made a wrong turn. sorry po. https://t.co/xGrQ3w4YPw,,social_media,x_recent_posts_translated_20260506_1618.csv,0.0,Joshua Pagallaman,2026-05-11T19:25:42,Violation post
2052044425241772344,2026-05-06T15:14:50.000Z,MMDA ALERT: Stalled truck due to flat tire at RMB Santol EB as of 10:41 PM. One lane occupied. MMDA enforcers are on site managing traffic. #mmda,,social_media,x_recent_posts_translated_20260506_1618.csv,1.0,auto_bootstrap,2026-05-11T18:52:18,auto: mmda/event signal
2052037276734259481,2026-05-06T14:46:26.000Z,"The fire that hit the sanitary landfill in Navotas City is now around 80% contained, the Metropolitan Manila Development Authority (MMDA) said Wednesday.

https://t.co/ufwuY3YdAP",,social_media,x_recent_posts_translated_20260506_1618.csv,1.0,Joshua Pagallaman,2026-05-11T19:26:07,Fire Event that causes traffic
2052032849780629800,2026-05-06T14:28:50.000Z,@MMDA What about po the 7-Day Rule: The invoice acts as temporary proof of registration for 7 days.,,social_media,x_recent_posts_translated_20260506_1618.csv,0.0,auto_bootstrap,2026-05-11T18:52:18,auto: question/subjective noise
2052019414095262024,2026-05-06T13:35:27.000Z,@katedado May stalled vehicle po sa flyover Northbound. #mmda,Stalled vente po on flyover Northbound. #mmda,social_media,x_recent_posts_translated_20260506_1618.csv,1.0,auto_bootstrap,2026-05-11T18:52:18,auto: mmda/event signal
2052017997955625110,2026-05-06T13:29:50.000Z,MMDA ALERT: Road crash incident at Julia Vargas EB involving motorcycle and SUV as of 8:35 PM. One lane occupied. MMDA enforcers are on site managing traffic. #mmda,,social_media,x_recent_posts_translated_20260506_1618.csv,1.0,auto_bootstrap,2026-05-11T18:52:18,auto: mmda/event signal
2052015731647406244,2026-05-06T13:20:49.000Z,"MMDA Public Affairs Staff-Public Information Office is accepting applications for a WRITER.

Interested applicants may submit their personal data sheet (PDS), Transcript of Records, and application letter to paspiohiring@gmail.com until MAY 15, 2026.

Use the job title as the https://t.co/bbj0S5znJ9","(ORG_3> is accepting applications for a WRITER. Interested actoricants with matching personal data sheet (PDS), Trancripts of <MIC_1>, and application letter to <ORG_0h>ring.comLA 15,26. Use the joint as the one",social_media,x_recent_posts_translated_20260506_1618.csv,0.0,Joshua Pagallaman,2026-05-11T19:26:39,Not Traffic Related
2052013687322374233,2026-05-06T13:12:42.000Z,"MMDA chief and concurrent Metro Manila DRRMC head Don Artes said the fire at the Navotas Sanitary Landfill is around 80 percent contained, and efforts to completely put out the fire are ongoing. 

https://t.co/zSZvip3heZ",,social_media,x_recent_posts_translated_20260506_1618.csv,1.0,Joshua Pagallaman,2026-05-11T19:26:57,Fire related event
2052013653688492293,2026-05-06T13:12:34.000Z,@MMDA what’s causing heavy traffic po C5 NB Katipunan area?,,social_media,x_recent_posts_translated_20260506_1618.csv,0.0,auto_bootstrap,2026-05-11T18:52:18,auto: question/subjective noise
2051991363978465556,2026-05-06T11:43:59.000Z,MMDA ALERT: Stalled truck due to mechanical problem at C5 Katipunan Ave. before B. Serrano SB as of 6:35 PM. One lane occupied. MMDA enforcers are on site managing traffic. #mmda,,social_media,x_recent_posts_translated_20260506_1618.csv,1.0,auto_bootstrap,2026-05-11T18:52:18,auto: mmda/event signal
2051980845268058467,2026-05-06T11:02:12.000Z,MMDA ALERT: Stalled wing van due to mechanical problem at C5 Katipunan Ave. Ateneo Gate 2.5 NB as of 5:57 PM. One lane occupied. MMDA enforcers are on site managing traffic. #mmda,,social_media,x_recent_posts_translated_20260506_1618.csv,1.0,auto_bootstrap,2026-05-11T18:52:18,auto: mmda/event signal
2051979103679705443,2026-05-06T10:55:16.000Z,"@Vincent2112_ @beachygirlplus Not only is he underage, he needs at least one term in a national position before presidency (example:  MMDA Chairperson; DILG secretary; Senator) as preparation for presidency.  From Mayor to President is a quantum leap.",,social_media,x_recent_posts_translated_20260506_1618.csv,0.0,Joshua Pagallaman,2026-05-11T19:27:23,not Trafffic related
2051963297130491962,2026-05-06T09:52:28.000Z,MMDA ALERT: Road crash incident at EDSA Arayat Cubao SB involving car and taxi as of 5:24 PM. One lane occupied. MMDA enforcers are on site managing traffic. #mmda,,social_media,x_recent_posts_translated_20260506_1618.csv,1.0,auto_bootstrap,2026-05-11T18:52:18,auto: mmda/event signal
2051931751564624229,2026-05-06T07:47:07.000Z,"The Metro Manila Disaster Risk Reduction and Management Council (MMDRRMC) convened today to provide a status update on the Navotas Sanitary Landfill fire incident, reporting that the fire is now 79.6% contained.

Read more: https://t.co/c6dEMMNjbX #mmda #mmdaatyourservice https://t.co/BttjDSl5OE",,social_media,x_recent_posts_translated_20260506_1618.csv,1.0,Joshua Pagallaman,2026-05-11T19:27:42,Fire Update
2051930017639059842,2026-05-06T07:40:13.000Z,"The fire that hit the sanitary landfill in Navotas City is now around 80% contained, the Metropolitan Manila Development Authority (MMDA) said on Wednesday.

READ: https://t.co/34EqErGUCf https://t.co/cOyoOtFS0P",,social_media,x_recent_posts_translated_20260506_1618.csv,1.0,Joshua Pagallaman,2026-05-11T19:28:04,Fire update
2051924501349487071,2026-05-06T07:18:18.000Z,MMDA ALERT: Road crash incident at Ortigas Ave. La Salle Gate 1 EB involving motorcycle and taxi as of 2:17 PM. One lane occupied. MMDA enforcers are on site managing traffic. #mmda,,social_media,x_recent_posts_translated_20260506_1618.csv,1.0,auto_bootstrap,2026-05-11T18:52:18,auto: mmda/event signal
2051921222318063846,2026-05-06T07:05:16.000Z,MMDA ALERT: Road crash incident at G. Araneta Ave. Aurora Blvd. NB involving closed van and taxi as of 2:16 PM. One lane occupied. MMDA enforcers are on site managing traffic. #mmda,,social_media,x_recent_posts_translated_20260506_1618.csv,1.0,auto_bootstrap,2026-05-11T18:52:18,auto: mmda/event signal
2051919459791847828,2026-05-06T06:58:16.000Z,"@MMDA Taken May 6, 2026, ~12nn.

Illegal parking on both sides of the P. Tuazon Mabuhay Lane. https://t.co/IowflvGenz",,social_media,x_recent_posts_translated_20260506_1618.csv,1.0,Joshua Pagallaman,2026-05-11T19:28:27,violation that may cause traffic build up
2051912435251159425,2026-05-06T06:30:21.000Z,"@RubiLiciousMe [Admin 18]
Good day,
Thank you for reaching out to the MMDA and for sharing your concerns regarding the request to reinstate the traffic signal at the Banawe Avenue–Quezon Avenue intersection. We appreciate you bringing this matter to our attention.

In response, the TEC",,social_media,x_recent_posts_translated_20260506_1618.csv,1.0,Joshua Pagallaman,2026-05-11T19:29:05,MMDA Post about traffic
2051911748840554808,2026-05-06T06:27:38.000Z,"The fire that hit the sanitary landfill in Navotas City is now around 80% contained, the Metropolitan Manila Development Authority (MMDA) said Wednesday.

Read more:
https://t.co/34EqErGUCf",,social_media,x_recent_posts_translated_20260506_1618.csv,1.0,Joshua Pagallaman,2026-05-11T19:29:36,Fire event
2051906846525698213,2026-05-06T06:08:09.000Z,"MMDA Public Affairs Staff-Public Information Office is accepting applications for a WRITER.

Interested applicants may submit their personal data sheet (PDS), Transcript of Records, and application letter to paspiohiring@gmail.com until MAY 15, 2026.

Use the job title as the https://t.co/d4pkrFUr3b","(ORG_3> is accepting applications for a WRITER. Interested actoricants with matching personal data sheet (PDS), Trancripts of <MIC_1>, and application letter to <ORG_0h>ring.comLA 15,26. Use the joint as the one",social_media,x_recent_posts_translated_20260506_1618.csv,0.0,Joshua Pagallaman,2026-05-11T19:29:54,not related
2051901892196962584,2026-05-06T05:48:28.000Z,MMDA ALERT: Stalled multicab due to mechanical trouble at EDSA Timog NB as of 1:45 PM. One lane occupied. MMDA enforcers are on site managing traffic. #mmda,,social_media,x_recent_posts_translated_20260506_1618.csv,1.0,auto_bootstrap,2026-05-11T18:52:18,auto: mmda/event signal
2051892672106021303,2026-05-06T05:11:50.000Z,MMDA ALERT: Stalled truck due to mechanical trouble at EDSA Roxas flyover SB as of 12:57 PM. One lane occupied. MMDA enforcers are on site managing traffic. #mmda,,social_media,x_recent_posts_translated_20260506_1618.csv,1.0,auto_bootstrap,2026-05-11T18:52:18,auto: mmda/event signal
2051876759801639312,2026-05-06T04:08:36.000Z,"@MMDA @MMDA

Taken 12nn May 6, 2026.

Illegal parking on both sides of P. Tuazon Mabuhay Lane https://t.co/PWHiYAv3HF",,social_media,x_recent_posts_translated_20260506_1618.csv,1.0,Joshua Pagallaman,2026-05-11T19:30:09,May cause traffic buildup
2051876461863391698,2026-05-06T04:07:25.000Z,MMDA ALERT: Stalled trailer truck due to mechanical problem at C5 UP BGC SB as of 12:01 PM. One lane occupied. MMDA enforcers are on site managing traffic. #mmda,,social_media,x_recent_posts_translated_20260506_1618.csv,1.0,auto_bootstrap,2026-05-11T18:52:18,auto: mmda/event signal
2051869356762816911,2026-05-06T03:39:11.000Z,"‘WAG MONG GINAGAMIT ‘YUNG RELIHIYON’

A Metropolitan Manila Development Authority (MMDA) road clearing operation along Taft Avenue in Pasay City went viral after a driver apprehended by authorities invoked religion during the arrest.

Read: https://t.co/f59jiDJHon https://t.co/FAkt9wGadI",,social_media,x_recent_posts_translated_20260506_1618.csv,0.0,Joshua Pagallaman,2026-05-11T19:30:29,not traffic related
2051867080400724437,2026-05-06T03:30:08.000Z,MMDA ALERT: Road crash incident at Marcos Highway F. Mariano WB involving SUV and motorcycle as of 11:09 AM. One lane occupied. MMDA enforcers are on site managing traffic. #mmda,,social_media,x_recent_posts_translated_20260506_1618.csv,1.0,auto_bootstrap,2026-05-11T18:52:18,auto: mmda/event signal
2051853231069045148,2026-05-06T02:35:06.000Z,"LOOK: Navotas Mayor John Rey Tiangco briefs the MMDA and other LGUs on efforts to extinguish the Navotas Sanitary Landfill fire, which has affected air quality in Metro Manila and Bulacan since it started last April 10. | via @andietagz https://t.co/eXvb6HARZU",,social_media,x_recent_posts_translated_20260506_1618.csv,1.0,Joshua Pagallaman,2026-05-11T19:30:56,event about fire
2051853010255667479,2026-05-06T02:34:13.000Z,"LOOK: Navotas Mayor John Rey Tiangco briefs the MMDA and other LGUs on efforts to extinguish the Navotas Sanitary Landfill fire, which has affected air quality in Metro Manila and Bulacan since it started last April 10. @ABSCBNNews https://t.co/JvbFPK3FmT",,social_media,x_recent_posts_translated_20260506_1618.csv,1.0,Joshua Pagallaman,2026-05-11T19:31:09,Fire related post
2051847878864486575,2026-05-06T02:13:50.000Z,MMDA ALERT: Stalled truck due to mechanical trouble at Ayala Blvd Taft Ave. EB infront of TUP as of 10:05 AM. One lane occupied. MMDA enforcers are on site managing traffic. #mmda,,social_media,x_recent_posts_translated_20260506_1618.csv,1.0,auto_bootstrap,2026-05-11T18:52:18,auto: mmda/event signal
2051835145204994550,2026-05-06T01:23:14.000Z,MMDA ALERT: Stalled SUV due to mechanical trouble at C5 Kalayaan SB as of 9:18 AM. One lane occupied. MMDA enforcers are on site managing traffic. #mmda,,social_media,x_recent_posts_translated_20260506_1618.csv,1.0,auto_bootstrap,2026-05-11T18:52:18,auto: mmda/event signal
2051826498122993825,2026-05-06T00:48:52.000Z,MMDA ALERT: Road crash incident at Bonifacio Monument Circle McArthur involving PUJ and taxi as of 8:45 AM. One lane occupied. MMDA enforcers are on site managing traffic. #mmd,,social_media,x_recent_posts_translated_20260506_1618.csv,1.0,auto_bootstrap,2026-05-11T18:52:18,auto: mmda/event signal
2051826425481855435,2026-05-06T00:48:35.000Z,MMDA ALERT: Road crash incident at Quezon Ave. Araneta WB involving motorcycle and pedestrian as of 8:43 AM. One lane occupied. MMDA enforcers are on site managing traffic. #mmda,,social_media,x_recent_posts_translated_20260506_1618.csv,1.0,auto_bootstrap,2026-05-11T18:52:18,auto: mmda/event signal
2051826374877544596,2026-05-06T00:48:23.000Z,MMDA ALERT: Road crash incident at Roxas T. Alonzo NB involving AUV and dump truck as of 8:39 AM. One lane occupied. MMDA enforcers are on site managing traffic. #mmda,,social_media,x_recent_posts_translated_20260506_1618.csv,1.0,auto_bootstrap,2026-05-11T18:52:18,auto: mmda/event signal
2051826329138672004,2026-05-06T00:48:12.000Z,MMDA ALERT: Road crash incident at Katipunan Major Dizon NB involving car and van as of 8:38 AM. One lane occupied. MMDA enforcers are on site managing traffic. #mmda,,social_media,x_recent_posts_translated_20260506_1618.csv,1.0,auto_bootstrap,2026-05-11T18:52:18,auto: mmda/event signal
2051826267973140899,2026-05-06T00:47:58.000Z,MMDA ALERT: Road crash incident at Elliptical Quezon Ave. involving car and SUV as of 8:37 AM. One lane occupied. MMDA enforcers are on site managing traffic. #mmda,,social_media,x_recent_posts_translated_20260506_1618.csv,1.0,auto_bootstrap,2026-05-11T18:52:18,auto: mmda/event signal
2051816638476140877,2026-05-06T00:09:42.000Z,MMDA ALERT: Road crash incident at Katipunan CP Garcia EB involving SUV and van as of 8:05 AM. One lane occupied. MMDA enforcers are on site managing traffic. #mmda,,social_media,x_recent_posts_translated_20260506_1618.csv,1.0,auto_bootstrap,2026-05-11T18:52:18,auto: mmda/event signal
2051816418270904723,2026-05-06T00:08:49.000Z,MMDA ALERT: Road crash incident at C5 J. Vargas NB involving SUV and car as of 7:57 AM. One lane occupied. MMDA enforcers are on site managing traffic. #mmda,,social_media,x_recent_posts_translated_20260506_1618.csv,1.0,auto_bootstrap,2026-05-11T18:52:18,auto: mmda/event signal
2051807438035451976,2026-05-05T23:33:08.000Z,MMDA ALERT: Road crash incident at Commonwealth St. Peter Church WB involving motorcycle and car as of 7:05 AM. One lane occupied. MMDA enforcers are on site managing traffic. #mmda,,social_media,x_recent_posts_translated_20260506_1618.csv,1.0,auto_bootstrap,2026-05-11T18:52:18,auto: mmda/event signal
2051807248838779046,2026-05-05T23:32:23.000Z,MMDA ALERT: Road crash incident at EDSA Go Hotel NB involving motorcycle and car as of 7:04 AM. One lane occupied. MMDA enforcers are on site managing traffic. #mmda,,social_media,x_recent_posts_translated_20260506_1618.csv,1.0,auto_bootstrap,2026-05-11T18:52:18,auto: mmda/event signal
2051801375563202964,2026-05-05T23:09:03.000Z,MMDA ALERT: Stalled dump truck due to mechanical trouble at Tandang Sora Capitol SB as of 6:02 AM. One lane occupied. MMDA enforcers are on site managing traffic. #mmda,,social_media,x_recent_posts_translated_20260506_1618.csv,1.0,auto_bootstrap,2026-05-11T18:52:18,auto: mmda/event signal
2051801296068612315,2026-05-05T23:08:44.000Z,MMDA ALERT: Road crash incident at Commonwealth Tandang Sora WB involving 2 motorcycles and SUV as of 6:44 AM. One lane occupied. MMDA enforcers are on site managing traffic. #mmda,,social_media,x_recent_posts_translated_20260506_1618.csv,1.0,auto_bootstrap,2026-05-11T18:52:18,auto: mmda/event signal
2051801209720492436,2026-05-05T23:08:23.000Z,MMDA ALERT: Stalled truck due to flat tire at Aurora Katipunan EB as of 6:25 AM. One lane occupied. MMDA enforcers are on site managing traffic. #mmda,,social_media,x_recent_posts_translated_20260506_1618.csv,1.0,auto_bootstrap,2026-05-11T18:52:18,auto: mmda/event signal
2051793137006420185,2026-05-05T22:36:18.000Z,MMDA ALERT: Stalled truck due to flat tire at Aurora Katipunan EB as of 6:25 AM. One lane ocupied. MMDA enforcers are on site managing traffic. #mmda,,social_media,x_recent_posts_translated_20260506_1618.csv,1.0,auto_bootstrap,2026-05-11T18:52:18,auto: mmda/event signal
2051789230683377972,2026-05-05T22:20:47.000Z,MMDA ALERT: Hit and run incident at Commonwealth Technohub WB involving a motorcycle as of 6:00 AM. One lane occupied. MMDA enforcers are on site managing traffic. #mmda,,social_media,x_recent_posts_translated_20260506_1618.csv,1.0,auto_bootstrap,2026-05-11T18:52:18,auto: mmda/event signal
2051779827661947322,2026-05-05T21:43:25.000Z,MMDA ALERT: Road crash incident at C5 Blue Ridge SB Service Road involving motorcycle and car as of 5:38 AM. One lane occupied. MMDA enforcers are on site managing traffic. #mmda,,social_media,x_recent_posts_translated_20260506_1618.csv,1.0,auto_bootstrap,2026-05-11T18:52:18,auto: mmda/event signal
2051777034691698730,2026-05-05T21:32:19.000Z,"Hi @MMDA , question. I have a new car released yesterday. I have invoice with me, orcr will be available 1-2 weeks from now. Am i allowed to drive the car with just a copy of invoice with me? Thanks!",,social_media,x_recent_posts_translated_20260506_1618.csv,0.0,auto_bootstrap,2026-05-11T18:52:18,auto: question/subjective noise
2051776633036750883,2026-05-05T21:30:44.000Z,"@fearlessanytime until MMDA or LTO come to throw in jail, all is well 🤣",,social_media,x_recent_posts_translated_20260506_1618.csv,0.0,Joshua Pagallaman,2026-05-11T19:31:20,not traffic related
2051768315715166688,2026-05-05T20:57:41.000Z,MMDA ALERT: Road crash incident at C5 Julia Vargas Shell SB involving motorcycle and SUV as of 4:31 AM. One lane occupied. MMDA enforcers are on site managing traffic. #mmda,,social_media,x_recent_posts_translated_20260506_1618.csv,1.0,auto_bootstrap,2026-05-11T18:52:18,auto: mmda/event signal
2051698192010649794,2026-05-05T16:19:02.000Z,TRAFFIC ADVISORY: EDSA Ortigas flyover NB going La Salle is temporarily closed to traffic due to the Department of Public Works and Highways painting of vertical clearance in the area as of 12:01 AM. Motorists are advised to take alternate routes. #mmda,,social_media,x_recent_posts_translated_20260506_1618.csv,1.0,Joshua Pagallaman,2026-05-11T19:31:45,Road closure Traffic Update
2051654007538786702,2026-05-05T13:23:27.000Z,MMDA ALERT: Road crash incident at Ayala Tunnel NB involving closed van and motorcycle as of 8:51 PM. One lane occupied. MMDA enforcers are on site managing traffic. #mmda,,social_media,x_recent_posts_translated_20260506_1618.csv,1.0,auto_bootstrap,2026-05-11T18:52:18,auto: mmda/event signal
2051616348934185251,2026-05-05T10:53:49.000Z,MMDA ALERT: Road crash incident at Ortigas Ave. Medical City WB involving two motorcycles as of 6:15 PM. One lane occupied. MMDA enforcers are on site managing traffic. #mmda,,social_media,x_recent_posts_translated_20260506_1618.csv,1.0,auto_bootstrap,2026-05-11T18:52:18,auto: mmda/event signal
2051610628859789444,2026-05-05T10:31:05.000Z,@ProudFamilyNyo 7 am - 10 am at 5 pm - 8 pm #mmda,,social_media,x_recent_posts_translated_20260506_1618.csv,0.0,Joshua Pagallaman,2026-05-11T19:32:01,coding hours
2051610420935639337,2026-05-05T10:30:16.000Z,MMDA ALERT: Road crash incident at Commonwealth Fairlane EB involving car and motorcycle as of 6:10 PM. One lane occupied. MMDA enforcers are on site managing traffic. #mmda,,social_media,x_recent_posts_translated_20260506_1618.csv,1.0,auto_bootstrap,2026-05-11T18:52:18,auto: mmda/event signal
2051604845271150839,2026-05-05T10:08:06.000Z,"@MMDA Hi good afternoon. May I know What is the updated coding scheme of uvvrp last march 11, 2026 at the area of edsa Guadalupe? Thank you",,social_media,x_recent_posts_translated_20260506_1618.csv,0.0,auto_bootstrap,2026-05-11T18:52:18,auto: question/subjective noise
2051602808156143805,2026-05-05T10:00:01.000Z,"𝗖𝗵𝗮𝗻𝗴𝗲 𝘀𝘁𝗮𝗿𝘁𝘀 𝘄𝗶𝘁𝗵 𝘂𝘀.
Watch: https://t.co/SvgPtDeN6E
Subscribe. Like and Comment! 

#kongversation #franciskong #gabrielgo #mmda  #government #changes https://t.co/AobCcafXH1",,social_media,x_recent_posts_translated_20260506_1618.csv,0.0,Joshua Pagallaman,2026-05-11T19:32:13,not related
2051600657598009581,2026-05-05T09:51:28.000Z,@niennaspo Even got some MMDA if I get too bored https://t.co/teOHdSMbXo,,social_media,x_recent_posts_translated_20260506_1618.csv,0.0,Joshua Pagallaman,2026-05-11T19:32:24,not related
2051597504899379514,2026-05-05T09:38:56.000Z,MMDA ALERT: Road crash incident at C5 Greenmeadows intersection SB involving motorcycle and car as of 5:15 PM. One lane occupied. MMDA enforcers are on site managing traffic. #mmda,,social_media,x_recent_posts_translated_20260506_1618.csv,1.0,auto_bootstrap,2026-05-11T18:52:18,auto: mmda/event signal
2051592008867938348,2026-05-05T09:17:06.000Z,MMDA ALERT: Road crash incident at EDSA Magallanes Service road SB involving SUV and AUV as of 5:01 PM. One lane occupied. MMDA enforcers are on site managing traffic. #mmda,,social_media,x_recent_posts_translated_20260506_1618.csv,1.0,auto_bootstrap,2026-05-11T18:52:18,auto: mmda/event signal
2051591506700718399,2026-05-05T09:15:06.000Z,MMDA ALERT: Road crash incident at Bonifacio Drive Katigbak intersection SB involving motorcycle and van as of 5:01 PM. One lane occupied. MMDA enforcers are on site managing traffic. #mmda,,social_media,x_recent_posts_translated_20260506_1618.csv,1.0,auto_bootstrap,2026-05-11T18:52:18,auto: mmda/event signal
2051589944200815063,2026-05-05T09:08:54.000Z,MMDA ALERT: Road crash incident at EDSA ADB Ortigas Exit NB involving SUV and van as of 4:47 PM. One lane occupied. MMDA enforcers are on site managing traffic. #mmda,,social_media,x_recent_posts_translated_20260506_1618.csv,1.0,auto_bootstrap,2026-05-11T18:52:18,auto: mmda/event signal
2051589912345080227,2026-05-05T09:08:46.000Z,MMDA ALERT: Road crash incident at EDSA Magallanes Flyover going SLEX involving motorcycle and taxi as of 4:27 PM. One lane occupied. MMDA enforcers are on site managing traffic. #mmda,,social_media,x_recent_posts_translated_20260506_1618.csv,1.0,auto_bootstrap,2026-05-11T18:52:18,auto: mmda/event signal
2051579779275694117,2026-05-05T08:28:30.000Z,MMDA ALERT: Road crash incident at Commonwealth Regalado after intersection EB involving motorcycle as of 3:58 PM. One lane occupied. MMDA enforcers are on site managing traffic. #mmda,,social_media,x_recent_posts_translated_20260506_1618.csv,1.0,auto_bootstrap,2026-05-11T18:52:18,auto: mmda/event signal
2051567881096487401,2026-05-05T07:41:13.000Z,MMDA ALERT: Stalled AUV due to mechanical problem at EDSA Guadix Drive NB as of 3:27 PM. One lane occupied. MMDA enforcers are on site managing traffic. #mmda,,social_media,x_recent_posts_translated_20260506_1618.csv,1.0,auto_bootstrap,2026-05-11T18:52:18,auto: mmda/event signal
2051567855095963649,2026-05-05T07:41:07.000Z,MMDA ALERT: Road crash incident at EDSA Q. Mart SB involving taxi and motorcycle as of 3:15 PM. One lane occupied. MMDA enforcers are on site managing traffic. #mmda,,social_media,x_recent_posts_translated_20260506_1618.csv,1.0,auto_bootstrap,2026-05-11T18:52:18,auto: mmda/event signal
2051562938776047976,2026-05-05T07:21:35.000Z,MMDA ALERT: Stalled mixer due to mechanical problem at C5 Eastwood NB as of 2:44 PM. One lane occupied. MMDA enforcers are on site managing traffic. #mmda,,social_media,x_recent_posts_translated_20260506_1618.csv,1.0,auto_bootstrap,2026-05-11T18:52:18,auto: mmda/event signal
2051557253455749336,2026-05-05T06:58:59.000Z,MMDA ALERT: Stalled van due to mechanical problem at EDSA Diosdado Macapagal Ext intersection SB as of 2:27 PM. One lane occupied. MMDA enforcers are on site managing traffic. #mmda,,social_media,x_recent_posts_translated_20260506_1618.csv,1.0,auto_bootstrap,2026-05-11T18:52:18,auto: mmda/event signal
2051548680579367265,2026-05-05T06:24:56.000Z,"As much as I want to organize a Niji fun run, I would need people who knows how to do security and safety stuff for these, there is also a cash bond thing needed with mmda... https://t.co/LTTVUVvbsb",,social_media,x_recent_posts_translated_20260506_1618.csv,0.0,Joshua Pagallaman,2026-05-11T19:32:55,not related
2051543479579492489,2026-05-05T06:04:16.000Z,MMDA ALERT: Road crash incident at C5 Greenmeadows NB involving car and SUV as of 1:56 PM. One lane occupied. MMDA enforcers are on site managing traffic. #mmda,,social_media,x_recent_posts_translated_20260506_1618.csv,1.0,auto_bootstrap,2026-05-11T18:52:18,auto: mmda/event signal
2051543451410612295,2026-05-05T06:04:09.000Z,MMDA ALERT: Stalled car due to mechanical trouble at C5 Katipunan Ave. Shuster SB as of 1:46 PM. One lane occupied. MMDA enforcers are on site managing traffic. #mmda,,social_media,x_recent_posts_translated_20260506_1618.csv,1.0,auto_bootstrap,2026-05-11T18:52:18,auto: mmda/event signal
2051543423916876100,2026-05-05T06:04:02.000Z,MMDA ALERT: Road crash incident at C5 Greenmeadows NB involving motorcycle and van as of 1:24 PM. One lane occupied. MMDA enforcers are on site managing traffic. #mmda,,social_media,x_recent_posts_translated_20260506_1618.csv,1.0,auto_bootstrap,2026-05-11T18:52:18,auto: mmda/event signal
2051527166442222004,2026-05-05T04:59:26.000Z,MMDA ALERT: Road crash incident at EDSA Estrella NB involving SUV and car as of 12:55 PM. One lane occupied. MMDA enforcers are on site managing traffic. #mmda,,social_media,x_recent_posts_translated_20260506_1618.csv,1.0,auto_bootstrap,2026-05-11T18:52:18,auto: mmda/event signal
2051523492437430316,2026-05-05T04:44:50.000Z,MMDA ALERT: Stalled elf truck due to mechanical trouble at Marcos Highway WB as of 12:31 PM. One lane occupied. MMDA enforcers are on site managing traffic. #mmda,,social_media,x_recent_posts_translated_20260506_1618.csv,1.0,auto_bootstrap,2026-05-11T18:52:18,auto: mmda/event signal
2051497291685752953,2026-05-05T03:00:43.000Z,MMDA ALERT: Road crash incident at C5 Talipapa SB involving aluminum van and wing van as of 10:50 AM. One lane occupied. MMDA enforcers are on site managing traffic. #mmda,,social_media,x_recent_posts_translated_20260506_1618.csv,1.0,auto_bootstrap,2026-05-11T18:52:18,auto: mmda/event signal
2051497088899498060,2026-05-05T02:59:55.000Z,MMDA ALERT: Road crash incident at C5 Katipunan Ave. C.P Garcia NB involving car as of 9:52 AM. One lane occupied. MMDA enforcers are on site managing traffic. #mmda https://t.co/bujk3qgTB1,,social_media,x_recent_posts_translated_20260506_1618.csv,1.0,auto_bootstrap,2026-05-11T18:52:18,auto: mmda/event signal
2051491492557115719,2026-05-05T02:37:41.000Z,MMDA ALERT: Road crash incident at Quirino Highway Leland drive EB involving truck as of 10:11 AM. One lane occupied. MMDA enforcers are on site managing traffic. #mmda,,social_media,x_recent_posts_translated_20260506_1618.csv,1.0,auto_bootstrap,2026-05-11T18:52:18,auto: mmda/event signal
2051489646346203585,2026-05-05T02:30:21.000Z,"@JACOB44374092 Meron pong number coding sa nasabing lugar.  

7:00 a.m. to 10:00 a.m.  and 5:00 p.m. to 8:00 p.m.

WINDOW HOURS - 10:01AM to 4:59PM

#mmda",,social_media,x_recent_posts_translated_20260506_1618.csv,0.0,Joshua Pagallaman,2026-05-11T19:33:04,Coding hours
2051483237508382996,2026-05-05T02:04:53.000Z,MMDA ALERT: Road crash incident at Katipunan CP Garcia NB involving car as of 9:52 AM. One lane occupied. MMDA enforcers are on site managing traffic. #mmda,,social_media,x_recent_posts_translated_20260506_1618.csv,1.0,auto_bootstrap,2026-05-11T18:52:18,auto: mmda/event signal
2051473046222110984,2026-05-05T01:24:23.000Z,MMDA ALERT: Road crash incident at Mia Roxas SB involving 2 closed van as of 9:21 AM. One lane occupied. MMDA enforcers are on site managing traffic. #mmda,,social_media,x_recent_posts_translated_20260506_1618.csv,1.0,auto_bootstrap,2026-05-11T18:52:18,auto: mmda/event signal
2051472547951390896,2026-05-05T01:22:24.000Z,MMDA ALERT: Stalled elf truck to flat tire at Katipunan B. Serrano NB as of 9:15 AM. One lane occupied. MMDA enforcers are on site managing traffic. #mmda,,social_media,x_recent_posts_translated_20260506_1618.csv,1.0,auto_bootstrap,2026-05-11T18:52:18,auto: mmda/event signal
2051471674944766364,2026-05-05T01:18:56.000Z,"MMDA ALERT: Multiple collision at Quirino Osmeña SB involving SUV, taxi and motorcycle as of 9:07 AM. One lane occupied. MMDA enforcers are on site managing traffic. #mmda",,social_media,x_recent_posts_translated_20260506_1618.csv,1.0,auto_bootstrap,2026-05-11T18:52:18,auto: mmda/event signal
2051467485602546001,2026-05-05T01:02:17.000Z,@MMDA may coding ba sa Dr. A. Santos Avenue?,Is there a codding on Dr. A. Santos Avenue?,social_media,x_recent_posts_translated_20260506_1618.csv,0.0,auto_bootstrap,2026-05-11T18:52:18,auto: question/subjective noise
2051466167022428461,2026-05-05T00:57:03.000Z,MMDA ALERT: Road crash incident at C5 Katipunan Ave. Magsaysay Ave. NB involving SUV and wing van as of 8:38 AM. One lane occupied. MMDA enforcers are on site managing traffic. #mmda,,social_media,x_recent_posts_translated_20260506_1618.csv,1.0,auto_bootstrap,2026-05-11T18:52:18,auto: mmda/event signal
2051465970598953068,2026-05-05T00:56:16.000Z,MMDA ALERT: Road crash incident at EDSA Buendia Ave. NB involving SUV and car as of 8:31 AM. One lane occupied. MMDA enforcers are on site managing traffic. #mmda,,social_media,x_recent_posts_translated_20260506_1618.csv,1.0,auto_bootstrap,2026-05-11T18:52:18,auto: mmda/event signal
2051465566389678375,2026-05-05T00:54:40.000Z,MMDA ALERT: Road crash incident at EDSA Pinatubo St. SB involving Fx and car as of 8:07 AM. One lane occupied. MMDA enforcers are on site managing traffic. #mmda,,social_media,x_recent_posts_translated_20260506_1618.csv,1.0,auto_bootstrap,2026-05-11T18:52:18,auto: mmda/event signal
2051439636275511597,2026-05-04T23:11:37.000Z,MMDA ALERT: Stalled truck due to mechanical trouble at Aurora H. Lozada EB as of 7:05 AM. One lane occupied. MMDA enforcers are on site managing traffic. #mmda,,social_media,x_recent_posts_translated_20260506_1618.csv,1.0,auto_bootstrap,2026-05-11T18:52:18,auto: mmda/event signal
2051439276462870847,2026-05-04T23:10:12.000Z,MMDA ALERT: Stalled truck to mechanical trouble at Aurora H. Lozada EB as of 7:05 AM. One lane occupied. MMDA enforcers are on site managing traffic. #mmda,,social_media,x_recent_posts_translated_20260506_1618.csv,1.0,auto_bootstrap,2026-05-11T18:52:18,auto: mmda/event signal
2051434917440168424,2026-05-04T22:52:52.000Z,MMDA ALERT: Road crash incident at C5 Ortigas EB involving 2 motorcycles as of 6:38 AM. One lane occupied. MMDA enforcers are on site managing traffic. #mmda,,social_media,x_recent_posts_translated_20260506_1618.csv,1.0,auto_bootstrap,2026-05-11T18:52:18,auto: mmda/event signal
2051429430581469306,2026-05-04T22:31:04.000Z,THE Metropolitan Manila Development Authority (MMDA) said on Monday that Tokyo Gov. Yuriko Koike is willing to assist in putting out the smoldering fire at the sanitary landfill in Navotas City that has triggered an environmental problem in the... https://t.co/oNNCOM4JZy,,social_media,x_recent_posts_translated_20260506_1618.csv,1.0,Joshua Pagallaman,2026-05-11T19:33:17,Fire event
2051419234245509608,2026-05-04T21:50:33.000Z,MMDA ALERT: Road crash incident at C5 after intersection Miriam Katipunan SB involving closed van and taxi as of 5:40 AM. One lane occupied. MMDA enforcers are on site managing traffic. #mmda,,social_media,x_recent_posts_translated_20260506_1618.csv,1.0,auto_bootstrap,2026-05-11T18:52:18,auto: mmda/event signal
2051419137873006952,2026-05-04T21:50:10.000Z,MMDA ALERT: Stalled bus due to mechanical problem at Quezon Ave. WB Delta  as of 5:43 AM. One lane occupied. MMDA enforcers are on site managing traffic. #mmda,,social_media,x_recent_posts_translated_20260506_1618.csv,1.0,auto_bootstrap,2026-05-11T18:52:18,auto: mmda/event signal
2051413394700505301,2026-05-04T21:27:21.000Z,TRAFFIC ADVISORY: EDSA Ortigas flyover NB going La Salle is temporarily closed to traffic due to DPWH's dismantling of gantry in the area as of 2:35 AM. Motorists are advised to take alternate routes. #mmda,,social_media,x_recent_posts_translated_20260506_1618.csv,1.0,Joshua Pagallaman,2026-05-11T19:33:23,Road closure
2051407171079029150,2026-05-04T21:02:37.000Z,MMDA ALERT: Road crash incident at EDSA Santolan split flyover NB  involving closed van  as of 4:50 AM. One lane occupied. MMDA enforcers are on site managing traffic. #mmd,,social_media,x_recent_posts_translated_20260506_1618.csv,1.0,auto_bootstrap,2026-05-11T18:52:18,auto: mmda/event signal
2051399989398757734,2026-05-04T20:34:05.000Z,@LorYCee You're welcome. #mmda,,social_media,x_recent_posts_translated_20260506_1618.csv,0.0,Joshua Pagallaman,2026-05-11T19:33:36,not related
2051299494357287280,2026-05-04T13:54:45.000Z,@MMDA Thank you!,,social_media,x_recent_posts_translated_20260506_1618.csv,0.0,Joshua Pagallaman,2026-05-11T19:33:43,not related
2051296850804883492,2026-05-04T13:44:15.000Z,MMDA ALERT: Stalled wing van due to mechanical trouble at C5 Lanuza Ave NB as of 8:59 PM. One lane occupied. MMDA enforcers are on site managing traffic. #mmda,,social_media,x_recent_posts_translated_20260506_1618.csv,1.0,auto_bootstrap,2026-05-11T18:52:18,auto: mmda/event signal
2051288750152720460,2026-05-04T13:12:03.000Z,MMDA ALERT: Road crash incident at EDSA Taft Ave NB involving tractor and SUV as of 8:56 PM. One lane occupied. MMDA enforcers are on site managing traffic. #mmda,,social_media,x_recent_posts_translated_20260506_1618.csv,1.0,auto_bootstrap,2026-05-11T18:52:18,auto: mmda/event signal
